Fecha,SheetName,Moneda,Compra,Venta
27/03/2020,27032020,USD,77698.72684875,77893.4605
30/03/2020,30032020,USD,80069.42245575,80270.0977
31/03/2020,31032020,USD,80743.36018875,80945.7245
01/04/2020,1042020,USD,83167.2797025,83375.719
02/04/2020,2042020,USD,84481.58779725,84693.3211
03/04/2020,3042020,USD,86441.23420275,86657.8789
06/04/2020,6042020,USD,91602.48094725,91832.0611
07/04/2020,7042020,USD,96390.851319,96632.4324
08/04/2020,8042020,USD,100727.679276,100980.1296
13/04/2020,13042020,USD,105641.9274645,105906.6942
14/04/2020,14042020,USD,113549.384277,113833.9692
15/04/2020,15042020,USD,120558.25827675,120860.4093
16/04/2020,16042020,USD,125660.151477,125975.0892
17/04/2020,17042020,USD,125260.097718,125574.0328
20/04/2020,20042020,USD,127724.1698985,128044.2806
21/04/2020,21042020,USD,128770.335729,129093.0684
22/04/2020,22042020,USD,144594.79712475,144957.1901
23/04/2020,23042020,USD,171146.5702275,171575.509
24/04/2020,24042020,USD,170645.167875,171072.85
27/04/2020,27042020,USD,169916.82160425,170342.6783
28/04/2020,28042020,USD,175220.6929935,175659.8426
29/04/2020,29042020,USD,176121.66422025,176563.0719
30/04/2020,30042020,USD,176096.69519925,176538.0403
04/05/2020,4052020,USD,174975.546396,175414.0816
05/05/2020,5052020,USD,171444.860034,171874.5464
06/05/2020,6052020,USD,168940.4776815,169363.8874
07/05/2020,7052020,USD,172520.44363575,172952.8257
08/05/2020,8052020,USD,178571.711451,179019.2596
11/05/2020,11052020,USD,178656.81386175,179104.5753
12/05/2020,12052020,USD,178086.110097,178532.4412
13/05/2020,13052020,USD,178593.74054025,179041.3439
14/05/2020,14052020,USD,181221.6869085,181675.8766
15/05/2020,15052020,USD,182590.678053,183048.2988
18/05/2020,18052020,USD,182879.257197,183337.6012
19/05/2020,19052020,USD,182377.1390385,182834.2246
20/05/2020,20052020,USD,183074.99951475,183533.8341
21/05/2020,21052020,USD,187659.5826315,188129.9074
22/05/2020,22052020,USD,192921.07682925,193404.5883
26/05/2020,26052020,USD,192980.66319,193464.324
27/05/2020,27052020,USD,195559.6322085,196049.7566
28/05/2020,28052020,USD,196721.91731325,197214.9547
29/05/2020,29052020,USD,197615.31422325,198110.5907
01/06/2020,1062020,USD,197300.2553445,197794.7422
02/06/2020,2062020,USD,196696.067001,197189.0396
03/06/2020,3062020,USD,197021.22257475,197515.0101
04/06/2020,4062020,USD,198155.0757375,198651.705
05/06/2020,5062020,USD,198533.35596675,199030.9333
08/06/2020,8062020,USD,197689.640043,198185.1028
09/06/2020,9062020,USD,197398.972533,197893.7068
10/06/2020,10062020,USD,200663.38674375,201166.3025
11/06/2020,11062020,USD,201959.386923,202465.5508
12/06/2020,12062020,USD,202749.36552675,203257.5093
15/06/2020,15062020,USD,202996.44368325,203505.2067
16/06/2020,16062020,USD,203130.544491,203639.6436
17/06/2020,17062020,USD,202949.21405325,203457.8587
18/06/2020,18062020,USD,202375.98571575,202883.1937
19/06/2020,19062020,USD,202331.793972,202838.8912
22/06/2020,22062020,USD,201234.22666725,201738.5731
23/06/2020,23062020,USD,201456.49520325,201961.3987
25/06/2020,25062020,USD,201651.6244575,202157.017
26/06/2020,26062020,USD,201825.68132475,202331.5101
30/06/2020,30062020,USD,203906.647371,204417.6916
01/07/2020,1072020,USD,204515.603964,205028.1744
02/07/2020,2072020,USD,205219.23118725,205733.5651
03/07/2020,3072020,USD,206453.13389925,206970.5603
06/07/2020,6072020,USD,207202.9425795,207722.2482
07/07/2020,7072020,USD,207696.208923,208216.7508
08/07/2020,8072020,USD,211145.82117825,211675.0087
09/07/2020,9072020,USD,213471.49242825,214006.5087
10/07/2020,10072020,USD,215452.7395965,215992.7214
13/07/2020,13072020,USD,216364.16242875,216906.4285
14/07/2020,14072020,USD,219249.95107575,219799.4497
15/07/2020,15072020,USD,220431.3682305,220983.8278
16/07/2020,16072020,USD,223264.262844,223823.8224
17/07/2020,17072020,USD,226093.599774,226660.2504
20/07/2020,20072020,USD,228287.98595925,228860.1363
21/07/2020,21072020,USD,231170.3275455,231749.7018
22/07/2020,22072020,USD,236617.15983675,237210.1853
23/07/2020,23072020,USD,241365.85394775,241970.7809
27/07/2020,27072020,USD,244443.39620925,245056.0363
28/07/2020,28072020,USD,248956.53129375,249580.4825
29/07/2020,29072020,USD,249057.34343175,249681.5473
30/07/2020,30072020,USD,257718.89997,258364.812
31/07/2020,31072020,USD,258448.34987475,259096.0901
03/08/2020,3082020,USD,261904.8406905,262561.2438
04/08/2020,4082020,USD,262412.494575,263070.17
05/08/2020,5082020,USD,264933.91133475,265597.9061
06/08/2020,6082020,USD,270354.6372555,271032.2178
07/08/2020,7082020,USD,277343.55108075,278038.6477
10/08/2020,10082020,USD,283889.76532875,284601.2685
11/08/2020,11082020,USD,283414.999518,284125.3128
12/08/2020,12082020,USD,283293.0078615,284003.0154
13/08/2020,13082020,USD,286649.315463,287367.7348
14/08/2020,14082020,USD,293920.7455275,294657.389
17/08/2020,17082020,USD,289550.75059575,290276.4417
18/08/2020,18082020,USD,291796.81236825,292528.1327
19/08/2020,19082020,USD,296027.271015,296769.194
20/08/2020,20082020,USD,302779.15370325,303537.9987
21/08/2020,21082020,USD,304688.82675525,305452.4579
24/08/2020,24082020,USD,305491.611663,306257.2548
25/08/2020,25082020,USD,307221.1635465,307991.1414
26/08/2020,26082020,USD,312059.658792,312841.7632
27/08/2020,27082020,USD,315798.57278025,316590.0479
28/08/2020,28082020,USD,323800.166361,324611.6956
31/08/2020,31082020,USD,326929.51807425,327748.8903
01/09/2020,1092020,USD,328729.41505425,329553.2983
02/09/2020,2092020,USD,334183.5063525,335021.059
03/09/2020,3092020,USD,337931.109663,338778.0548
04/09/2020,4092020,USD,348557.85072675,349431.4293
07/09/2020,7092020,USD,354853.953321,355743.3116
08/09/2020,8092020,USD,357958.2397545,358855.3782
09/09/2020,9092020,USD,359613.06262875,360514.3485
10/09/2020,10092020,USD,359953.106688,360855.2448
11/09/2020,11092020,USD,362257.06365975,363164.9761
15/09/2020,15092020,USD,365012.2493325,365927.067
16/09/2020,16092020,USD,365311.188312,366226.7552
17/09/2020,17092020,USD,368403.15871275,369326.4749
18/09/2020,18092020,USD,373300.66067175,374236.2513
21/09/2020,21092020,USD,374373.922293,375312.2028
22/09/2020,22092020,USD,385900.9694505,386868.1398
23/09/2020,23092020,USD,391148.18343825,392128.5047
24/09/2020,24092020,USD,398398.04675475,399396.5381
25/09/2020,25092020,USD,413343.10387125,414379.0515
28/09/2020,28092020,USD,420140.88582375,421193.8705
29/09/2020,29092020,USD,429593.48928825,430670.1647
30/09/2020,30092020,USD,435585.75567675,436677.4493
01/10/2020,1102020,USD,435961.10964,437053.744
02/10/2020,2102020,USD,437421.30769575,438517.6017
05/10/2020,5102020,USD,436675.791258,437770.2168
06/10/2020,6102020,USD,439621.03140375,440722.8385
07/10/2020,7102020,USD,440584.1807955,441688.4018
08/10/2020,8102020,USD,448979.219598,450104.4808
09/10/2020,9102020,USD,451175.3449245,452306.1102
13/10/2020,13102020,USD,451760.622663,452892.8548
14/10/2020,14102020,USD,449592.7581075,450719.557
15/10/2020,15102020,USD,449727.00674475,450854.1421
16/10/2020,16102020,USD,451712.0402235,452844.1506
19/10/2020,19102020,USD,454168.27365,455306.54
20/10/2020,20102020,USD,455778.026781,456920.3276
21/10/2020,21102020,USD,456099.0137025,457242.119
22/10/2020,22102020,USD,458804.50432425,459954.3903
23/10/2020,23102020,USD,461259.931272,462415.9712
26/10/2020,26102020,USD,463130.754093,464291.4828
27/10/2020,27102020,USD,470010.83268825,471188.8047
28/10/2020,28102020,USD,486996.45759975,488217.0001
29/10/2020,29102020,USD,505275.4269465,506541.7814
30/10/2020,30102020,USD,517784.7073665,519082.4134
02/11/2020,2112020,USD,514629.462648,515919.2608
03/11/2020,3112020,USD,515938.49576325,517231.5747
04/11/2020,4112020,USD,516991.20339825,518286.9207
05/11/2020,5112020,USD,526161.5986515,527480.2994
06/11/2020,6112020,USD,534007.612257,535345.9772
09/11/2020,9112020,USD,534379.953471,535719.2516
10/11/2020,10112020,USD,547071.7319025,548442.839
11/11/2020,11112020,USD,570193.10350275,571622.1589
12/11/2020,12112020,USD,605957.13394125,607475.8235
13/11/2020,13112020,USD,644707.074396,646322.8816
16/11/2020,16112020,USD,665046.422586,666713.2056
17/11/2020,17112020,USD,669297.99132525,670975.4299
18/11/2020,18112020,USD,679453.05005025,681155.9399
19/11/2020,19112020,USD,708924.76729725,710701.5211
20/11/2020,20112020,USD,780070.10099025,782025.1639
24/11/2020,24112020,USD,915445.17169875,917739.5205
25/11/2020,25112020,USD,923192.1222825,925505.887
26/11/2020,26112020,USD,971748.802143,974184.2628
27/11/2020,27112020,USD,1033297.309632,1035887.0272
30/11/2020,30112020,USD,1048184.945661,1050811.9756
01/12/2020,1122020,USD,1037323.7947905,1039923.6038
02/12/2020,2122020,USD,1007878.1386275,1010404.149
03/12/2020,3122020,USD,1026479.290599,1029051.9204
04/12/2020,4122020,USD,1083425.363412,1086140.7152
07/12/2020,7122020,USD,1081584.5511765,1084295.2894
08/12/2020,8122020,USD,1078600.2837435,1081303.5426
09/12/2020,9122020,USD,1077223.39928175,1079923.2073
10/12/2020,10122020,USD,1081640.04040575,1084350.9177
11/12/2020,11122020,USD,1100685.0757875,1103443.685
15/12/2020,15122020,USD,1084806.7139805,1087525.5278
16/12/2020,16122020,USD,1072753.55888925,1075442.1643
17/12/2020,17122020,USD,1047905.008458,1050531.3368
18/12/2020,18122020,USD,1059724.5258075,1062380.477
21/12/2020,21122020,USD,1066686.92947425,1069360.3303
22/12/2020,22122020,USD,1060806.2423385,1063464.9046
23/12/2020,23122020,USD,1035256.62297225,1037851.2511
28/12/2020,28122020,USD,1034039.43995625,1036631.0175
29/12/2020,29122020,USD,1086335.42831625,1089058.0735
30/12/2020,30122020,USD,1104430.58704125,1107198.5835
04/01/2021,4012021,USD,1111982.1702675,1114769.093
05/01/2021,5012021,USD,1172055.1330635,1174992.6146
06/01/2021,6012021,USD,1228128.09821625,1231206.1135
07/01/2021,7012021,USD,1314365.42835675,1317659.5773
08/01/2021,8012021,USD,1464570.546327,1468241.1492
12/01/2021,12012021,USD,1500988.34734275,1504750.2229
13/01/2021,13012021,USD,1491828.65197275,1495567.5709
14/01/2021,14012021,USD,1496565.18496275,1500315.9749
15/01/2021,15012021,USD,1545060.98181225,1548933.3151
19/01/2021,19012021,USD,1551432.24493425,1555320.5463
20/01/2021,20012021,USD,1557478.67258025,1561382.1279
21/01/2021,21012021,USD,1647644.9151225,1651774.351
22/01/2021,22012021,USD,1734414.09400875,1738760.9965
25/01/2021,25012021,USD,1727725.87107225,1732056.0111
26/01/2021,26012021,USD,1782223.532754,1786690.2584
27/01/2021,27012021,USD,1819151.784744,1823711.0624
28/01/2021,28012021,USD,1819068.25120125,1823627.3195
29/01/2021,29012021,USD,1816980.83781375,1821534.6745
01/02/2021,1022021,USD,1800747.50066925,1805260.6523
02/02/2021,2022021,USD,1785731.83032825,1790207.3487
03/02/2021,3022021,USD,1785450.40066575,1789925.2137
04/02/2021,4022021,USD,1823834.486649,1828405.5004
05/02/2021,5022021,USD,1832829.901749,1837423.4604
08/02/2021,8022021,USD,1807931.76678975,1812462.9241
09/02/2021,9022021,USD,1799307.081243,1803816.6228
10/02/2021,10022021,USD,1783776.46180125,1788247.0795
11/02/2021,11022021,USD,1763736.18246525,1768156.5739
12/02/2021,12022021,USD,1723975.23675825,1728295.9767
17/02/2021,17022021,USD,1716983.88314775,1721287.1009
18/02/2021,18022021,USD,1716124.98238125,1720426.0475
19/02/2021,19022021,USD,1753214.75475825,1757608.7767
22/02/2021,22022021,USD,1799190.466311,1803699.7156
23/02/2021,23022021,USD,1825097.614914,1829671.7944
24/02/2021,24022021,USD,1867969.74965475,1872651.3781
25/02/2021,25022021,USD,1866682.7317635,1871361.1346
26/02/2021,26022021,USD,1860949.8518835,1865613.8866
01/03/2021,1032021,USD,1861193.35230675,1865857.9973
02/03/2021,2032021,USD,1858594.804857,1863252.9372
03/03/2021,3032021,USD,1860383.6716815,1865046.2874
04/03/2021,4032021,USD,1869918.84530325,1874605.3587
05/03/2021,5032021,USD,1884461.9459295,1889184.9082
08/03/2021,8032021,USD,1883315.7577815,1888035.8474
09/03/2021,9032021,USD,1877164.06805025,1881868.7399
10/03/2021,10032021,USD,1869781.95179475,1874468.1221
11/03/2021,11032021,USD,1854107.2157475,1858754.101
12/03/2021,12032021,USD,1843946.15097525,1848567.5699
15/03/2021,15032021,USD,1822716.5802195,1827284.7922
16/03/2021,16032021,USD,1817764.4771055,1822320.2778
17/03/2021,17032021,USD,1799968.46154825,1804479.6607
18/03/2021,18032021,USD,1800481.9700595,1804994.4562
22/03/2021,22032021,USD,1817256.28098,1821810.808
23/03/2021,23032021,USD,1823340.79646775,1827910.5729
24/03/2021,24032021,USD,1841313.83825025,1845928.6599
25/03/2021,25032021,USD,1848339.6938895,1852972.1242
26/03/2021,26032021,USD,1885351.5527385,1890076.7446
29/03/2021,29032021,USD,1926348.254313,1931176.1948
30/03/2021,30032021,USD,1963144.06453725,1968064.2251
31/03/2021,31032021,USD,1982216.7859305,1987184.7478
05/04/2021,5042021,USD,2065677.829782,2070854.9672
06/04/2021,6042021,USD,2073523.7695725,2078720.571
07/04/2021,7042021,USD,2104706.442909,2109981.3964
08/04/2021,8042021,USD,2137158.123975,2142514.41
09/04/2021,9042021,USD,2230234.24718325,2235823.8067
12/04/2021,12042021,USD,2284762.06718025,2290488.2879
13/04/2021,13042021,USD,2329146.089928,2334983.5488
14/04/2021,14042021,USD,2309375.11274925,2315163.0203
15/04/2021,15042021,USD,2375839.16318175,2381793.6473
16/04/2021,16042021,USD,2357676.24607725,2363585.2091
20/04/2021,20042021,USD,2461292.04675375,2467460.6985
21/04/2021,21042021,USD,2512035.65379375,2518331.4825
22/04/2021,22042021,USD,2500064.0894145,2506329.9142
23/04/2021,23042021,USD,2641232.034441,2647851.6636
26/04/2021,26042021,USD,2714522.80779225,2721326.1231
27/04/2021,27042021,USD,2682108.3114315,2688830.3874
28/04/2021,28042021,USD,2717905.72709775,2724717.5209
29/04/2021,29042021,USD,2739286.431672,2746151.8112
30/04/2021,30042021,USD,2815817.2959945,2822874.4822
03/05/2021,3052021,USD,2789876.633586,2796868.8056
04/05/2021,4052021,USD,2833357.965018,2840459.1128
05/05/2021,5052021,USD,2859158.70760275,2866324.5189
06/05/2021,6052021,USD,2854833.45323925,2861988.4243
07/05/2021,7052021,USD,2840490.40971675,2847609.4333
10/05/2021,10052021,USD,2829478.2133065,2836569.6374
11/05/2021,11052021,USD,2817817.6298265,2824879.8294
12/05/2021,12052021,USD,2827947.47743725,2835035.0651
13/05/2021,13052021,USD,2902569.75239175,2909844.3633
14/05/2021,14052021,USD,2959262.2584105,2966678.9558
17/05/2021,17052021,USD,2924619.53049,2931949.404
18/05/2021,18052021,USD,2947457.249898,2954844.3608
19/05/2021,19052021,USD,3019361.942037,3026929.2652
20/05/2021,20052021,USD,3042400.773804,3050025.8384
21/05/2021,21052021,USD,3037517.084826,3045129.9096
25/05/2021,25052021,USD,3047911.1212095,3055549.9962
26/05/2021,26052021,USD,3062607.12641625,3070282.8335
27/05/2021,27052021,USD,3059039.2643265,3066706.0294
28/05/2021,28052021,USD,3093112.0768065,3100864.2374
31/05/2021,31052021,USD,3107977.110483,3115766.5268
01/06/2021,1062021,USD,3107405.42677425,3115193.4103
02/06/2021,2062021,USD,3089583.436716,3097326.7536
03/06/2021,3062021,USD,3093441.0239775,3101194.009
04/06/2021,4062021,USD,3106132.556625,3113917.35
07/06/2021,7062021,USD,3103263.44368425,3111041.0463
08/06/2021,8062021,USD,3119881.35677925,3127700.6083
09/06/2021,9062021,USD,3115611.6433155,3123420.1938
10/06/2021,10062021,USD,3125807.7830805,3133641.8878
11/06/2021,11062021,USD,3112623.35087025,3120424.4119
15/06/2021,15062021,USD,3105259.97245275,3113042.5789
16/06/2021,16062021,USD,3097272.00023325,3105034.5867
17/06/2021,17062021,USD,3106022.65716225,3113807.1751
18/06/2021,18062021,USD,3130752.312576,3138598.8096
21/06/2021,21062021,USD,3139428.8833845,3147297.1262
22/06/2021,22062021,USD,3170570.7859035,3178517.0786
23/06/2021,23062021,USD,3175454.97592575,3183413.5097
25/06/2021,25062021,USD,3188910.75496875,3196903.0125
29/06/2021,29062021,USD,3196069.31810775,3204079.5169
30/06/2021,30062021,USD,3212546.857317,3220598.3532
01/07/2021,1072021,USD,3238205.0971515,3246320.8994
02/07/2021,2072021,USD,3233749.96020825,3241854.5967
06/07/2021,6072021,USD,3235599.43453425,3243708.7063
07/07/2021,7072021,USD,3239203.66098525,3247321.9659
08/07/2021,8072021,USD,3252526.15587375,3260677.8505
09/07/2021,9072021,USD,3267735.575727,3275925.3892
12/07/2021,12072021,USD,3282856.15603575,3291083.8657
13/07/2021,13072021,USD,3313353.37969125,3321657.5235
14/07/2021,14072021,USD,3383172.78212025,3391651.9119
15/07/2021,15072021,USD,3434786.23928475,3443394.7261
16/07/2021,16072021,USD,3539413.139577,3548283.8492
19/07/2021,19072021,USD,3609465.92997375,3618512.2105
20/07/2021,20072021,USD,3637813.66781175,3646930.9953
21/07/2021,21072021,USD,3703417.81718475,3712699.5661
22/07/2021,22072021,USD,3764258.9819625,3773693.215
23/07/2021,23072021,USD,3775192.20071175,3784653.8353
26/07/2021,26072021,USD,3876098.50769925,3885813.0403
27/07/2021,27072021,USD,3978871.11803475,3988843.2261
28/07/2021,28072021,USD,4026542.36712,4036633.952
29/07/2021,29072021,USD,3973215.616923,3983173.5508
30/07/2021,30072021,USD,4005606.6438045,4015645.7582
02/08/2021,2082021,USD,4008446.00830275,4018492.2389
03/08/2021,3082021,USD,4023021.775458,4033104.5368
04/08/2021,4082021,USD,4026104.35978275,4036194.8469
05/08/2021,5082021,USD,4030682.7695715,4040784.7314
06/08/2021,6082021,USD,4058650.9698315,4068823.0274
09/08/2021,9082021,USD,4070177.132007,4080378.0772
10/08/2021,10082021,USD,4084265.7691395,4094502.0242
11/08/2021,11082021,USD,4106762.00768925,4117054.6443
12/08/2021,12082021,USD,4103082.26210925,4113365.6763
13/08/2021,13082021,USD,4125149.3659845,4135488.0862
16/08/2021,16082021,USD,4100221.7540025,4110497.999
17/08/2021,17082021,USD,4119839.44386,4130164.856
18/08/2021,18082021,USD,4075158.81947475,4085372.2501
19/08/2021,19082021,USD,4111917.82324575,4122223.3817
20/08/2021,20082021,USD,4113155.65650675,4123464.3173
23/08/2021,23082021,USD,4119336.76440825,4129660.9167
24/08/2021,24082021,USD,4111348.602963,4121652.7348
25/08/2021,25082021,USD,4136932.26461025,4147300.5159
26/08/2021,26082021,USD,4129510.60725525,4139860.2579
27/08/2021,27082021,USD,4123962.30317925,4134298.0483
30/08/2021,30082021,USD,4134141.5974635,4144502.8546
31/08/2021,31082021,USD,4116706.66513575,4127024.2257
01/09/2021,1092021,USD,4089857.959824,4100108.2304
02/09/2021,2092021,USD,4076918.58343875,4087136.4245
03/09/2021,3092021,USD,4048640.14691325,4058787.1147
06/09/2021,6092021,USD,4062683.957493,4072866.1228
07/09/2021,7092021,USD,4061686.58028525,4071866.2459
08/09/2021,8092021,USD,4060251.635139,4070427.7044
09/09/2021,9092021,USD,4074338.32225875,4084549.6965
10/09/2021,10092021,USD,4047384.8297715,4057528.6514
13/09/2021,13092021,USD,3986022.993435,3996013.026
14/09/2021,14092021,USD,4021575.17432475,4031654.3101
15/09/2021,15092021,USD,4013219.39871825,4023277.5927
16/09/2021,16092021,USD,4038491.8615125,4048613.395
17/09/2021,17092021,USD,4031725.86260325,4041830.4387
20/09/2021,20092021,USD,4033688.1836055,4043797.6778
21/09/2021,21092021,USD,4016250.611394,4026316.4024
22/09/2021,22092021,USD,4022048.24528325,4032128.5667
23/09/2021,23092021,USD,4030769.32015275,4040871.4989
24/09/2021,24092021,USD,4093957.4444265,4104217.9894
27/09/2021,27092021,USD,4132370.22110325,4142727.0387
28/09/2021,28092021,USD,4128271.01639925,4138617.5603
29/09/2021,29092021,USD,4.17132738,4.18178183
04/10/2021,4102021,USD,4.16506125,4.1755
05/10/2021,5102021,USD,4.18401375,4.1945
06/10/2021,6102021,USD,4.15508625,4.1655
07/10/2021,7102021,USD,4.14471225,4.1551
08/10/2021,8102021,USD,4.15368975,4.1641
11/10/2021,11102021,USD,4.152792,4.1632
13/10/2021,13102021,USD,4.171146,4.1816
14/10/2021,14102021,USD,4.15149525,4.1619
15/10/2021,15102021,USD,4.128852,4.1392
18/10/2021,18102021,USD,4.1406225,4.151
19/10/2021,19102021,USD,4.146009,4.1564
20/10/2021,20102021,USD,4.16406375,4.1745
21/10/2021,21102021,USD,4.20057225,4.2111
22/10/2021,22102021,USD,4.228203,4.2388
25/10/2021,25102021,USD,4.262118,4.2728
26/10/2021,26102021,USD,4.283664,4.2944
27/10/2021,27102021,USD,4.313589,4.3244
28/10/2021,28102021,USD,4.37712975,4.3881
29/10/2021,29102021,USD,4.36695525,4.3779
02/11/2021,2112021,USD,4.39867575,4.4097
03/11/2021,3112021,USD,4.427703,4.4388
04/11/2021,4112021,USD,4.4123415,4.4234
05/11/2021,5112021,USD,4.4338875,4.445
08/11/2021,8112021,USD,4.4267055,4.4378
09/11/2021,9112021,USD,4.43897475,4.4501
10/11/2021,10112021,USD,4.4686005,4.4798
11/11/2021,11112021,USD,4.461219,4.4724
12/11/2021,12112021,USD,4.469598,4.4808
15/11/2021,15112021,USD,4.47707925,4.4883
16/11/2021,16112021,USD,4.51298925,4.5243
17/11/2021,17112021,USD,4.51737825,4.5287
18/11/2021,18112021,USD,4.57463475,4.5861
19/11/2021,19112021,USD,4.53214125,4.5435
23/11/2021,23112021,USD,4.53194175,4.5433
24/11/2021,24112021,USD,4.55259,4.564
25/11/2021,25112021,USD,4.571343,4.5828
26/11/2021,26112021,USD,4.6038615,4.6154
29/11/2021,29112021,USD,4.5962805,4.6078
30/11/2021,30112021,USD,4.610046,4.6216
01/12/2021,1122021,USD,4.6206195,4.6322
02/12/2021,2122021,USD,4.635981,4.6476
03/12/2021,3122021,USD,4.626405,4.638
06/12/2021,6122021,USD,4.62171675,4.6333
07/12/2021,7122021,USD,4.6166295,4.6282
08/12/2021,8122021,USD,4.62630525,4.6379
09/12/2021,9122021,USD,4.62371175,4.6353
10/12/2021,10122021,USD,4.6266045,4.6382
14/12/2021,14122021,USD,4.609647,4.6212
15/12/2021,15122021,USD,4.59558225,4.6071
16/12/2021,16122021,USD,4.60156725,4.6131
17/12/2021,17122021,USD,4.60416075,4.6157
20/12/2021,20122021,USD,4.58859975,4.6001
21/12/2021,21122021,USD,4.5894975,4.601
22/12/2021,22122021,USD,4.57144275,4.5829
23/12/2021,23122021,USD,4.57244025,4.5839
27/12/2021,27122021,USD,4.5587745,4.5702
28/12/2021,28122021,USD,4.5671535,4.5786
29/12/2021,29122021,USD,4.57822575,4.5897
30/12/2021,30122021,USD,4.585707,4.5972
03/01/2022,3012022,USD,4.57623075,4.5877
04/01/2022,4012022,USD,4.59239025,4.6039
05/01/2022,5012022,USD,4.58859975,4.6001
06/01/2022,6012022,USD,4.61054475,4.6221
07/01/2022,7012022,USD,4.62490875,4.6365
11/01/2022,11012022,USD,4.63268925,4.6443
12/01/2022,12012022,USD,4.626405,4.638
13/01/2022,13012022,USD,4.62431025,4.6359
14/01/2022,14012022,USD,4.620021,4.6316
18/01/2022,18012022,USD,4.6178265,4.6294
19/01/2022,19012022,USD,4.62490875,4.6365
20/01/2022,20012022,USD,4.60396125,4.6155
21/01/2022,21012022,USD,4.5954825,4.607
24/01/2022,24012022,USD,4.57653,4.588
25/01/2022,25012022,USD,4.57962225,4.5911
26/01/2022,26012022,USD,4.57224075,4.5837
27/01/2022,27012022,USD,4.564161,4.5756
28/01/2022,28012022,USD,4.537827,4.5492
31/01/2022,31012022,USD,4.526256,4.5376
01/02/2022,1022022,USD,4.51618125,4.5275
02/02/2022,2022022,USD,4.513488,4.5248
03/02/2022,3022022,USD,4.51498425,4.5263
04/02/2022,4022022,USD,4.51059525,4.5219
07/02/2022,7022022,USD,4.495533,4.5068
08/02/2022,8022022,USD,4.4829645,4.4942
09/02/2022,9022022,USD,4.47947325,4.4907
10/02/2022,10022022,USD,4.454037,4.4652
11/02/2022,11022022,USD,4.45254075,4.4637
14/02/2022,14022022,USD,4.4298975,4.441
15/02/2022,15022022,USD,4.430097,4.4412
16/02/2022,16022022,USD,4.42580775,4.4369
17/02/2022,17022022,USD,4.392192,4.4032
18/02/2022,18022022,USD,4.409748,4.4208
21/02/2022,21022022,USD,4.3967805,4.4078
22/02/2022,22022022,USD,4.33184325,4.3427
23/02/2022,23022022,USD,4.37693025,4.3879
24/02/2022,24022022,USD,4.36954875,4.3805
25/02/2022,25022022,USD,4.37493525,4.3859
02/03/2022,2032022,USD,4.35678075,4.3677
03/03/2022,3032022,USD,4.357479,4.3684
04/03/2022,4032022,USD,4.3157835,4.3266
07/03/2022,7032022,USD,4.3193745,4.3302
08/03/2022,8032022,USD,4.32117,4.332
09/03/2022,9032022,USD,4.31688075,4.3277
10/03/2022,10032022,USD,4.319574,4.3304
11/03/2022,11032022,USD,4.21274175,4.2233
14/03/2022,14032022,USD,4.23169425,4.2423
15/03/2022,15032022,USD,4.25902575,4.2697
16/03/2022,16032022,USD,4.279674,4.2904
17/03/2022,17032022,USD,4.2842625,4.295
18/03/2022,18032022,USD,4.298028,4.3088
21/03/2022,21032022,USD,4.287255,4.298
22/03/2022,22032022,USD,4.29832725,4.3091
23/03/2022,23032022,USD,4.31608275,4.3269
24/03/2022,24032022,USD,4.33104525,4.3419
25/03/2022,25032022,USD,4.3532895,4.3642
28/03/2022,28032022,USD,4.35837675,4.3693
29/03/2022,29032022,USD,4.3588755,4.3698
30/03/2022,30032022,USD,4.36615725,4.3771
31/03/2022,31032022,USD,4.36954875,4.3805
01/04/2022,1042022,USD,4.3971795,4.4082
04/04/2022,4042022,USD,4.40146875,4.4125
05/04/2022,5042022,USD,4.407753,4.4188
06/04/2022,6042022,USD,4.401369,4.4124
07/04/2022,7042022,USD,4.40785275,4.4189
08/04/2022,8042022,USD,4.4111445,4.4222
11/04/2022,11042022,USD,4.413738,4.4248
12/04/2022,12042022,USD,4.42381275,4.4349
13/04/2022,13042022,USD,4.4263065,4.4374
18/04/2022,18042022,USD,4.4330895,4.4442
20/04/2022,20042022,USD,4.43378775,4.4449
21/04/2022,21042022,USD,4.4267055,4.4378
22/04/2022,22042022,USD,4.42640625,4.4375
25/04/2022,25042022,USD,4.42780275,4.4389
26/04/2022,26042022,USD,4.4378775,4.449
27/04/2022,27042022,USD,4.455234,4.4664
28/04/2022,28042022,USD,4.47548325,4.4867
29/04/2022,29042022,USD,4.48525875,4.4965
02/05/2022,2052022,USD,4.49583225,4.5071
03/05/2022,3052022,USD,4.51139325,4.5227
04/05/2022,4052022,USD,4.53593175,4.5473
05/05/2022,5052022,USD,4.54909875,4.5605
06/05/2022,6052022,USD,4.56485925,4.5763
09/05/2022,9052022,USD,4.5727395,4.5842
10/05/2022,10052022,USD,4.595283,4.6068
11/05/2022,11052022,USD,4.631592,4.6432
12/05/2022,12052022,USD,4.706205,4.718
13/05/2022,13052022,USD,4.75857375,4.7705
16/05/2022,16052022,USD,4.772838,4.7848
17/05/2022,17052022,USD,4.792788,4.8048
18/05/2022,18052022,USD,4.81962075,4.8317
19/05/2022,19052022,USD,4.882962,4.8952
20/05/2022,20052022,USD,4.93293675,4.9453
23/05/2022,23052022,USD,4.924458,4.9368
24/05/2022,24052022,USD,4.94610375,4.9585
25/05/2022,25052022,USD,5.000268,5.0128
26/05/2022,26052022,USD,5.01513075,5.0277
27/05/2022,27052022,USD,5.054133,5.0668
31/05/2022,31052022,USD,5.05223775,5.0649
01/06/2022,1062022,USD,5.0778735,5.0906
02/06/2022,2062022,USD,5.107998,5.1208
03/06/2022,3062022,USD,5.13842175,5.1513
06/06/2022,6062022,USD,5.14101525,5.1539
07/06/2022,7062022,USD,5.14819725,5.1611
08/06/2022,8062022,USD,5.185005,5.198
09/06/2022,9062022,USD,5.2402665,5.2534
10/06/2022,10062022,USD,5.2973235,5.3106
14/06/2022,14062022,USD,5.2977225,5.311
15/06/2022,15062022,USD,5.3507895,5.3642
16/06/2022,16062022,USD,5.40734775,5.4209
17/06/2022,17062022,USD,5.45263425,5.4663
21/06/2022,21062022,USD,5.443557,5.4572
22/06/2022,22062022,USD,5.45642475,5.4701
23/06/2022,23062022,USD,5.49393075,5.5077
27/06/2022,27062022,USD,5.464704,5.4784
28/06/2022,28062022,USD,5.49931725,5.5131
29/06/2022,29062022,USD,5.5207635,5.5346
30/06/2022,30062022,USD,5.52305775,5.5369
01/07/2022,1072022,USD,5.541312,5.5552
06/07/2022,6072022,USD,5.536125,5.55
07/07/2022,7072022,USD,5.5606635,5.5746
08/07/2022,8072022,USD,5.5981695,5.6122
11/07/2022,11072022,USD,5.58590025,5.5999
12/07/2022,12072022,USD,5.6053515,5.6194
13/07/2022,13072022,USD,5.6428575,5.657
14/07/2022,14072022,USD,5.66350575,5.6777
15/07/2022,15072022,USD,5.6847525,5.699
18/07/2022,18072022,USD,5.66609925,5.6803
19/07/2022,19072022,USD,5.686947,5.7012
20/07/2022,20072022,USD,5.71417875,5.7285
21/07/2022,21072022,USD,5.71677225,5.7311
22/07/2022,22072022,USD,5.71836825,5.7327
25/07/2022,25072022,USD,5.7066975,5.721
26/07/2022,26072022,USD,5.731236,5.7456
27/07/2022,27072022,USD,5.756772,5.7712
28/07/2022,28072022,USD,5.769141,5.7836
29/07/2022,29072022,USD,5.7789165,5.7934
01/08/2022,1082022,USD,5.76245775,5.7769
02/08/2022,2082022,USD,5.78280675,5.7973
03/08/2022,3082022,USD,5.776323,5.7908
04/08/2022,4082022,USD,5.82609825,5.8407
05/08/2022,5082022,USD,5.8515345,5.8662
08/08/2022,8082022,USD,5.8371705,5.8518
09/08/2022,9082022,USD,5.8822575,5.897
10/08/2022,10082022,USD,5.91008775,5.9249
11/08/2022,11082022,USD,5.93322975,5.9481
12/08/2022,12082022,USD,5.96335425,5.9783
16/08/2022,16082022,USD,5.955075,5.97
17/08/2022,17082022,USD,5.96106,5.976
18/08/2022,18082022,USD,6.0789645,6.0942
19/08/2022,19082022,USD,6.16464975,6.1801
22/08/2022,22082022,USD,6.225996,6.2416
23/08/2022,23082022,USD,6.26599575,6.2817
24/08/2022,24082022,USD,6.99716325,7.0147
25/08/2022,25082022,USD,7.81641,7.836
26/08/2022,26082022,USD,7.83107325,7.8507
29/08/2022,29082022,USD,7.80214575,7.8217
30/08/2022,30082022,USD,7.83566175,7.8553
31/08/2022,31082022,USD,7.8724695,7.8922
01/09/2022,1092022,USD,7.8880305,7.9078
02/09/2022,2092022,USD,7.944489,7.9644
05/09/2022,5092022,USD,7.92483825,7.9447
06/09/2022,6092022,USD,7.961646,7.9816
07/09/2022,7092022,USD,7.96793025,7.9879
08/09/2022,8092022,USD,7.98289275,8.0029
09/09/2022,9092022,USD,7.96354125,7.9835
12/09/2022,12092022,USD,7.95635925,7.9763
13/09/2022,13092022,USD,7.98399,8.004
14/09/2022,14092022,USD,8.0093265,8.0294
15/09/2022,15092022,USD,8.00763075,8.0277
16/09/2022,16092022,USD,8.030673,8.0508
19/09/2022,19092022,USD,8.00743125,8.0275
20/09/2022,20092022,USD,8.029476,8.0496
21/09/2022,21092022,USD,8.07566025,8.0959
22/09/2022,22092022,USD,8.093715,8.114
23/09/2022,23092022,USD,8.097705,8.118
26/09/2022,26092022,USD,8.0815455,8.1018
27/09/2022,27092022,USD,8.12154525,8.1419
28/09/2022,28092022,USD,8.12713125,8.1475
29/09/2022,29092022,USD,8.16324075,8.1837
30/09/2022,30092022,USD,8.183091,8.2036
03/10/2022,3102022,USD,8.1509715,8.1714
04/10/2022,4102022,USD,8.17181925,8.1923
05/10/2022,5102022,USD,8.18817825,8.2087
06/10/2022,6102022,USD,8.1896745,8.2102
07/10/2022,7102022,USD,8.2140135,8.2346
10/10/2022,10102022,USD,8.19077175,8.2113
11/10/2022,11102022,USD,8.24742975,8.2681
13/10/2022,13102022,USD,8.2463325,8.267
14/10/2022,14102022,USD,8.2870305,8.3078
17/10/2022,17102022,USD,8.2630905,8.2838
18/10/2022,18102022,USD,8.357853,8.3788
19/10/2022,19102022,USD,8.35107,8.372
20/10/2022,20102022,USD,8.3720175,8.393
21/10/2022,21102022,USD,8.386581,8.4076
25/10/2022,25102022,USD,8.388576,8.4096
26/10/2022,26102022,USD,8.429673,8.4508
27/10/2022,27102022,USD,8.5040865,8.5254
28/10/2022,28102022,USD,8.5703205,8.5918
01/11/2022,1112022,USD,8.552964,8.5744
02/11/2022,2112022,USD,8.62448475,8.6461
03/11/2022,3112022,USD,8.641941,8.6636
04/11/2022,4112022,USD,8.753262,8.7752
07/11/2022,7112022,USD,8.70927225,8.7311
08/11/2022,8112022,USD,8.807127,8.8292
09/11/2022,9112022,USD,8.908473,8.9308
10/11/2022,10112022,USD,8.99715075,9.0197
11/11/2022,11112022,USD,9.2697675,9.293
14/11/2022,14112022,USD,9.29001675,9.3133
15/11/2022,15112022,USD,9.40572675,9.4293
16/11/2022,16112022,USD,9.53759625,9.5615
17/11/2022,17112022,USD,9.77001375,9.7945
18/11/2022,18112022,USD,9.95375325,9.9787
22/11/2022,22112022,USD,9.96372825,9.9887
23/11/2022,23112022,USD,10.2090135,10.2346
24/11/2022,24112022,USD,10.3833765,10.4094
25/11/2022,25112022,USD,10.698786,10.7256
28/11/2022,28112022,USD,10.7791845,10.8062
29/11/2022,29112022,USD,10.92711375,10.9545
30/11/2022,30112022,USD,11.05120275,11.0789
01/12/2022,1122022,USD,11.226663,11.2548
02/12/2022,2122022,USD,11.6625705,11.6918
05/12/2022,5122022,USD,11.5101525,11.539
06/12/2022,6122022,USD,11.831148,11.8608
07/12/2022,7122022,USD,12.62984625,12.6615
08/12/2022,8122022,USD,13.5626085,13.5966
09/12/2022,9122022,USD,14.08978725,14.1251
13/12/2022,13122022,USD,14.7276885,14.7646
14/12/2022,14122022,USD,15.1973115,15.2354
15/12/2022,15122022,USD,15.532671,15.5716
16/12/2022,16122022,USD,15.727383,15.7668
19/12/2022,19122022,USD,15.9605985,16.0006
20/12/2022,20122022,USD,16.0016955,16.0418
21/12/2022,21122022,USD,16.13725575,16.1777
22/12/2022,22122022,USD,16.41116925,16.4523
23/12/2022,23122022,USD,16.52488425,16.5663
26/12/2022,26122022,USD,16.5251835,16.5666
27/12/2022,27122022,USD,16.760793,16.8028
28/12/2022,28122022,USD,17.074407,17.1172
29/12/2022,29122022,USD,17.23550325,17.2787
30/12/2022,30122022,USD,17.4452775,17.489
02/01/2023,2012023,USD,17.51520225,17.5591
03/01/2023,3012023,USD,17.81963925,17.8643
04/01/2023,4012023,USD,17.8993395,17.9442
05/01/2023,5012023,USD,18.3486135,18.3946
06/01/2023,6012023,USD,18.5672655,18.6138
10/01/2023,10012023,USD,18.762177,18.8092
11/01/2023,11012023,USD,19.00546725,19.0531
12/01/2023,12012023,USD,19.230204,19.2784
13/01/2023,13012023,USD,19.40337,19.452
16/01/2023,16012023,USD,19.6146405,19.6638
17/01/2023,17012023,USD,19.92256875,19.9725
18/01/2023,18012023,USD,19.93453875,19.9845
19/01/2023,19012023,USD,20.244063,20.2948
20/01/2023,20012023,USD,20.475882,20.5272
23/01/2023,23012023,USD,20.682165,20.734
24/01/2023,24012023,USD,21.121464,21.1744
25/01/2023,25012023,USD,21.26560275,21.3189
26/01/2023,26012023,USD,21.67278225,21.7271
27/01/2023,27012023,USD,21.91397775,21.9689
30/01/2023,30012023,USD,21.896322,21.9512
31/01/2023,31012023,USD,22.31776575,22.3737
01/02/2023,1022023,USD,22.38200475,22.4381
02/02/2023,2022023,USD,22.624098,22.6808
03/02/2023,3022023,USD,22.8489345,22.9062
06/02/2023,6022023,USD,23.09082825,23.1487
07/02/2023,7022023,USD,23.55366825,23.6127
08/02/2023,8022023,USD,23.74997625,23.8095
09/02/2023,9022023,USD,24.13800375,24.1985
10/02/2023,10022023,USD,24.1395,24.2
13/02/2023,13022023,USD,24.19246725,24.2531
14/02/2023,14022023,USD,24.28224225,24.3431
15/02/2023,15022023,USD,24.304287,24.3652
16/02/2023,16022023,USD,24.3264315,24.3874
17/02/2023,17022023,USD,24.3403965,24.4014
22/02/2023,22022023,USD,24.3304215,24.3914
23/02/2023,23022023,USD,24.309873,24.3708
24/02/2023,24022023,USD,24.35525925,24.4163
27/02/2023,27022023,USD,24.30259125,24.3635
28/02/2023,28022023,USD,24.29999775,24.3609
01/03/2023,1032023,USD,24.29620725,24.3571
02/03/2023,2032023,USD,24.2961075,24.357
03/03/2023,3032023,USD,24.256008,24.3168
06/03/2023,6032023,USD,24.213315,24.274
07/03/2023,7032023,USD,24.09531075,24.1557
08/03/2023,8032023,USD,24.1089765,24.1694
09/03/2023,9032023,USD,24.0746625,24.135
10/03/2023,10032023,USD,24.08553525,24.1459
13/03/2023,13032023,USD,24.0579045,24.1182
14/03/2023,14032023,USD,23.94029925,24.0003
15/03/2023,15032023,USD,24.00753075,24.0677
16/03/2023,16032023,USD,24.0654855,24.1258
17/03/2023,17032023,USD,24.1428915,24.2034
20/03/2023,20032023,USD,24.15915075,24.2197
21/03/2023,21032023,USD,24.18089625,24.2415
22/03/2023,22032023,USD,24.14339025,24.2039
23/03/2023,23032023,USD,24.24852675,24.3093
24/03/2023,24032023,USD,24.340596,24.4016
27/03/2023,27032023,USD,24.33072075,24.3917
28/03/2023,28032023,USD,24.35406225,24.4151
29/03/2023,29032023,USD,24.4261815,24.4874
30/03/2023,30032023,USD,24.435558,24.4968
31/03/2023,31032023,USD,24.464286,24.5256
03/04/2023,3042023,USD,24.42847575,24.4897
04/04/2023,4042023,USD,24.3802965,24.4414
05/04/2023,5042023,USD,24.42668025,24.4879
